{
	"mt": "rep",
	"type": "status",
	"cmd": 1,
	"en": 0,
	"sn": "1260DB2A007CK1",
	"tn1": 1548810713374,
	"data": {
		"model_no": 3,
		"op_mode": 0,
		"sen_mode": 0,
		"discharge_pres": 0,
		"inhale_pres": 0,
		"resv_pres": 0,
		"temp_val": 0,
		"spare1_val": 0,
		"spare2_val": 0,
		"set_pres": 40,
		"cur_pres": 0,
		"flow_val": 0,
		"power_val": 0,
		"pump_cnt": 6,
		"switch_val": "00000000",
		"pump_outs": [0, 0, 0, 0, 0, 0],
		"main_pump": 1,
		"enables": "10111111",
		"inv_alarms": "00000000",
		"eocr_alarms": "00000000",
		"high_alarms": "00000000",
		"curr_sts": 0,
		"item_enables": "11110000"
	}
}
